{"val_loss": {"min": 0.9686161279678345}, "val_f1": {"max": 0.0}, "val_precision": {"active fire binary": {"max": 0.9686275720596313}, "loss": {"max": 0.9686275720596313}, "f1_active fire binary": {"max": 0.0}, "f1": {"max": 0.0}, "iou_active fire binary": {"max": 0.0}, "iou": {"max": 0.0}, "recall_active fire binary": {"max": 0.0}, "recall": {"max": 0.0}, "precision_active fire binary": {"max": 0.0}, "precision": {"max": 0.0}}, "val_recall": {"max": 0.0}, "val_iou": {"max": 0.0}, "_timestamp": 1718634950.36421, "_runtime": 29.587830781936646, "_step": 3, "train_loss_epoch": {"min": 0.9723267555236816}, "train_f1": 0.0041763619519770145, "train_avg_precision": 0.002031360985711217, "train_recall": 0.546875, "train_iou": 0.0020925505086779594, "_wandb": {"runtime": 42}}